[
  {
    "code": "jne",
    "description": "JNE Express"
  },
  {
    "code": "pos",
    "description": "POS Indonesia"
  },
  {
    "code": "jnt",
    "description": "J&T Express Indonesia"
  },
  {
    "code": "sicepat",
    "description": "SiCepat"
  },
  {
    "code": "tiki",
    "description": "TIKI"
  },
  {
    "code": "anteraja",
    "description": "AnterAja"
  },
  {
    "code": "wahana",
    "description": "Wahana"
  },
  {
    "code": "ninja",
    "description": "Ninja Express"
  },
  {
    "code": "lion",
    "description": "Lion Parcel"
  },
  {
    "code": "pcp",
    "description": "PCP Express"
  },
  {
    "code": "jet",
    "description": "JET Express"
  },
  {
    "code": "rex",
    "description": "REX Express"
  },
  {
    "code": "first",
    "description": "First Logistics"
  },
  {
    "code": "ide",
    "description": "ID Express"
  },
  {
    "code": "spx",
    "description": "Shopee Express"
  },
  {
    "code": "kgx",
    "description": "KGXpress"
  },
  {
    "code": "sap",
    "description": "SAP Express"
  },
  {
    "code": "rpx",
    "description": "RPX"
  },
  {
    "code": "kurir_tokopedia",
    "description": "Kurir Rekomendasi"
  }
]
